ID,Nome,Email,CPF,Telefone,Cidade,Escola,Cargo,Tempo Docencia,Escolaridade,Area,Cota,Status,Data Inscricao
cmljmvo8u001d3k6velz3xtpo,"Stress Test 22",direct_stress_1770911324183_22@test.com,111222333022,123456789,"Test City","Test School","Teacher","Full-time","Degree","Math","None",PENDING,2026-02-12T15:48:45.823Z
cmljmvnv4001c3k6vtgqvk456,"Stress Test 7",direct_stress_1770911324182_7@test.com,111222333007,123456789,"Test City","Test School","Teacher","Full-time","Degree","Math","None",PENDING,2026-02-12T15:48:45.328Z
cmljmvnsc001b3k6vyggp8ic5,"Stress Test 43",direct_stress_1770911324184_43@test.com,111222333043,123456789,"Test City","Test School","Teacher","Full-time","Degree","Math","None",PENDING,2026-02-12T15:48:45.229Z
cmljmvnrh001a3k6veotfojsh,"Stress Test 36",direct_stress_1770911324183_36@test.com,111222333036,123456789,"Test City","Test School","Teacher","Full-time","Degree","Math","None",PENDING,2026-02-12T15:48:45.197Z
cmljmvnqn00193k6vdhp8lm8j,"Stress Test 38",direct_stress_1770911324184_38@test.com,111222333038,123456789,"Test City","Test School","Teacher","Full-time","Degree","Math","None",PENDING,2026-02-12T15:48:45.167Z
cmljmvnps00183k6vfknnwnwq,"Stress Test 30",direct_stress_1770911324183_30@test.com,111222333030,123456789,"Test City","Test School","Teacher","Full-time","Degree","Math","None",PENDING,2026-02-12T15:48:45.136Z
cmljmvnox00173k6vc4fh1wu8,"Stress Test 46",direct_stress_1770911324184_46@test.com,111222333046,123456789,"Test City","Test School","Teacher","Full-time","Degree","Math","None",PENDING,2026-02-12T15:48:45.106Z
cmljmvno100163k6v4uogxxf8,"Stress Test 47",direct_stress_1770911324184_47@test.com,111222333047,123456789,"Test City","Test School","Teacher","Full-time","Degree","Math","None",PENDING,2026-02-12T15:48:45.073Z
cmljmvnmv00153k6v1w095ial,"Stress Test 48",direct_stress_1770911324184_48@test.com,111222333048,123456789,"Test City","Test School","Teacher","Full-time","Degree","Math","None",PENDING,2026-02-12T15:48:45.032Z
cmljmvnlk00143k6vy7l8d72b,"Stress Test 45",direct_stress_1770911324184_45@test.com,111222333045,123456789,"Test City","Test School","Teacher","Full-time","Degree","Math","None",PENDING,2026-02-12T15:48:44.985Z
cmljmvnkr00133k6vxfac0txk,"Stress Test 42",direct_stress_1770911324184_42@test.com,111222333042,123456789,"Test City","Test School","Teacher","Full-time","Degree","Math","None",PENDING,2026-02-12T15:48:44.955Z
cmljmvnjx00123k6ves41aqwl,"Stress Test 44",direct_stress_1770911324184_44@test.com,111222333044,123456789,"Test City","Test School","Teacher","Full-time","Degree","Math","None",PENDING,2026-02-12T15:48:44.926Z
cmljmvnj300113k6vc3how604,"Stress Test 49",direct_stress_1770911324184_49@test.com,111222333049,123456789,"Test City","Test School","Teacher","Full-time","Degree","Math","None",PENDING,2026-02-12T15:48:44.895Z
cmljmvni700103k6vbj5ifdly,"Stress Test 41",direct_stress_1770911324184_41@test.com,111222333041,123456789,"Test City","Test School","Teacher","Full-time","Degree","Math","None",PENDING,2026-02-12T15:48:44.863Z
cmljmvnh0000z3k6vy8rzgswn,"Stress Test 40",direct_stress_1770911324184_40@test.com,111222333040,123456789,"Test City","Test School","Teacher","Full-time","Degree","Math","None",PENDING,2026-02-12T15:48:44.821Z
cmljmvngm000y3k6v8cn7qeq4,"Stress Test 37",direct_stress_1770911324184_37@test.com,111222333037,123456789,"Test City","Test School","Teacher","Full-time","Degree","Math","None",PENDING,2026-02-12T15:48:44.806Z
cmljmvnfq000x3k6v5lylad7b,"Stress Test 39",direct_stress_1770911324184_39@test.com,111222333039,123456789,"Test City","Test School","Teacher","Full-time","Degree","Math","None",PENDING,2026-02-12T15:48:44.775Z
cmljmvney000w3k6vy1tijsni,"Stress Test 35",direct_stress_1770911324183_35@test.com,111222333035,123456789,"Test City","Test School","Teacher","Full-time","Degree","Math","None",PENDING,2026-02-12T15:48:44.746Z
cmljmvndw000v3k6vs4jimgdg,"Stress Test 27",direct_stress_1770911324183_27@test.com,111222333027,123456789,"Test City","Test School","Teacher","Full-time","Degree","Math","None",PENDING,2026-02-12T15:48:44.708Z
cmljmvnd0000u3k6vojgfb754,"Stress Test 33",direct_stress_1770911324183_33@test.com,111222333033,123456789,"Test City","Test School","Teacher","Full-time","Degree","Math","None",PENDING,2026-02-12T15:48:44.677Z
cmljmvnc8000t3k6v3tharwgl,"Stress Test 34",direct_stress_1770911324183_34@test.com,111222333034,123456789,"Test City","Test School","Teacher","Full-time","Degree","Math","None",PENDING,2026-02-12T15:48:44.648Z
cmljmvnbg000s3k6v5z65g5me,"Stress Test 32",direct_stress_1770911324183_32@test.com,111222333032,123456789,"Test City","Test School","Teacher","Full-time","Degree","Math","None",PENDING,2026-02-12T15:48:44.621Z
cmljmvnbf000r3k6vb408k3de,"Stress Test 29",direct_stress_1770911324183_29@test.com,111222333029,123456789,"Test City","Test School","Teacher","Full-time","Degree","Math","None",PENDING,2026-02-12T15:48:44.619Z
cmljmvnal000q3k6v6eb7irbg,"Stress Test 14",direct_stress_1770911324183_14@test.com,111222333014,123456789,"Test City","Test School","Teacher","Full-time","Degree","Math","None",PENDING,2026-02-12T15:48:44.590Z
cmljmvn9q000p3k6v5sgrd4v0,"Stress Test 2",direct_stress_1770911324182_2@test.com,111222333002,123456789,"Test City","Test School","Teacher","Full-time","Degree","Math","None",PENDING,2026-02-12T15:48:44.558Z
cmljmvn8v000o3k6v1tvv24qc,"Stress Test 31",direct_stress_1770911324183_31@test.com,111222333031,123456789,"Test City","Test School","Teacher","Full-time","Degree","Math","None",PENDING,2026-02-12T15:48:44.527Z
cmljmvn82000n3k6v23w1nad5,"Stress Test 11",direct_stress_1770911324183_11@test.com,111222333011,123456789,"Test City","Test School","Teacher","Full-time","Degree","Math","None",PENDING,2026-02-12T15:48:44.498Z
cmljmvn6r000m3k6v9vd4fmn1,"Stress Test 16",direct_stress_1770911324183_16@test.com,111222333016,123456789,"Test City","Test School","Teacher","Full-time","Degree","Math","None",PENDING,2026-02-12T15:48:44.451Z
cmljmvn5w000l3k6vlq8e057o,"Stress Test 0",direct_stress_1770911324181_0@test.com,111222333000,123456789,"Test City","Test School","Teacher","Full-time","Degree","Math","None",PENDING,2026-02-12T15:48:44.421Z
cmljmvn51000k3k6v9kdzzide,"Stress Test 12",direct_stress_1770911324183_12@test.com,111222333012,123456789,"Test City","Test School","Teacher","Full-time","Degree","Math","None",PENDING,2026-02-12T15:48:44.390Z
cmljmvn46000j3k6vfgu5bbqq,"Stress Test 24",direct_stress_1770911324183_24@test.com,111222333024,123456789,"Test City","Test School","Teacher","Full-time","Degree","Math","None",PENDING,2026-02-12T15:48:44.359Z
cmljmvn44000i3k6vdvkqqyzk,"Stress Test 21",direct_stress_1770911324183_21@test.com,111222333021,123456789,"Test City","Test School","Teacher","Full-time","Degree","Math","None",PENDING,2026-02-12T15:48:44.356Z
cmljmvn38000h3k6vdkxgsh7c,"Stress Test 6",direct_stress_1770911324182_6@test.com,111222333006,123456789,"Test City","Test School","Teacher","Full-time","Degree","Math","None",PENDING,2026-02-12T15:48:44.325Z
cmljmvn2c000g3k6v4dpog3zt,"Stress Test 9",direct_stress_1770911324183_9@test.com,111222333009,123456789,"Test City","Test School","Teacher","Full-time","Degree","Math","None",PENDING,2026-02-12T15:48:44.292Z
cmljmvn1h000f3k6vrd2sa10q,"Stress Test 3",direct_stress_1770911324182_3@test.com,111222333003,123456789,"Test City","Test School","Teacher","Full-time","Degree","Math","None",PENDING,2026-02-12T15:48:44.262Z
cmljmvn0k000d3k6v0y9pbt38,"Stress Test 26",direct_stress_1770911324183_26@test.com,111222333026,123456789,"Test City","Test School","Teacher","Full-time","Degree","Math","None",PENDING,2026-02-12T15:48:44.228Z
cmljmvn0j000c3k6vjbrt3o5w,"Stress Test 25",direct_stress_1770911324183_25@test.com,111222333025,123456789,"Test City","Test School","Teacher","Full-time","Degree","Math","None",PENDING,2026-02-12T15:48:44.228Z
cmljmvn0j000b3k6v2rxps10j,"Stress Test 28",direct_stress_1770911324183_28@test.com,111222333028,123456789,"Test City","Test School","Teacher","Full-time","Degree","Math","None",PENDING,2026-02-12T15:48:44.228Z
cmljmvn0k000e3k6vwb24u62c,"Stress Test 18",direct_stress_1770911324183_18@test.com,111222333018,123456789,"Test City","Test School","Teacher","Full-time","Degree","Math","None",PENDING,2026-02-12T15:48:44.228Z
cmljmvn0i00073k6vv85z1q9q,"Stress Test 20",direct_stress_1770911324183_20@test.com,111222333020,123456789,"Test City","Test School","Teacher","Full-time","Degree","Math","None",PENDING,2026-02-12T15:48:44.227Z
cmljmvn0i00063k6voo47ronv,"Stress Test 17",direct_stress_1770911324183_17@test.com,111222333017,123456789,"Test City","Test School","Teacher","Full-time","Degree","Math","None",PENDING,2026-02-12T15:48:44.227Z
cmljmvn0j000a3k6vkwgogp1b,"Stress Test 5",direct_stress_1770911324182_5@test.com,111222333005,123456789,"Test City","Test School","Teacher","Full-time","Degree","Math","None",PENDING,2026-02-12T15:48:44.227Z
cmljmvn0i00053k6vhgkw8y0s,"Stress Test 13",direct_stress_1770911324183_13@test.com,111222333013,123456789,"Test City","Test School","Teacher","Full-time","Degree","Math","None",PENDING,2026-02-12T15:48:44.227Z
cmljmvn0j00093k6vqbuuqbht,"Stress Test 23",direct_stress_1770911324183_23@test.com,111222333023,123456789,"Test City","Test School","Teacher","Full-time","Degree","Math","None",PENDING,2026-02-12T15:48:44.227Z
cmljmvn0i00083k6vssscyev4,"Stress Test 15",direct_stress_1770911324183_15@test.com,111222333015,123456789,"Test City","Test School","Teacher","Full-time","Degree","Math","None",PENDING,2026-02-12T15:48:44.227Z
cmljmvn0h00003k6vlbsqjj7k,"Stress Test 1",direct_stress_1770911324182_1@test.com,111222333001,123456789,"Test City","Test School","Teacher","Full-time","Degree","Math","None",PENDING,2026-02-12T15:48:44.226Z
cmljmvn0i00043k6v9g7yln99,"Stress Test 19",direct_stress_1770911324183_19@test.com,111222333019,123456789,"Test City","Test School","Teacher","Full-time","Degree","Math","None",PENDING,2026-02-12T15:48:44.226Z
cmljmvn0i00013k6v0d4w49fj,"Stress Test 8",direct_stress_1770911324182_8@test.com,111222333008,123456789,"Test City","Test School","Teacher","Full-time","Degree","Math","None",PENDING,2026-02-12T15:48:44.226Z
cmljmvn0i00033k6vtpv8ylpo,"Stress Test 4",direct_stress_1770911324182_4@test.com,111222333004,123456789,"Test City","Test School","Teacher","Full-time","Degree","Math","None",PENDING,2026-02-12T15:48:44.226Z
cmljmvn0i00023k6v5hb6bwkk,"Stress Test 10",direct_stress_1770911324183_10@test.com,111222333010,123456789,"Test City","Test School","Teacher","Full-time","Degree","Math","None",PENDING,2026-02-12T15:48:44.226Z
cmljmsiec001doq0e0x65b439,"Test User High Load 16",loadtest_high_1770911176746_16@test.com,987654321016,123456789,"Test City","Test School","Teacher","Full-time","Degree","Math","None",PENDING,2026-02-12T15:46:18.276Z
cmljmsi72001coq0e06k1lkv0,"Test User High Load 11",loadtest_high_1770911176745_11@test.com,987654321011,123456789,"Test City","Test School","Teacher","Full-time","Degree","Math","None",PENDING,2026-02-12T15:46:18.014Z
cmljmshym001boq0ejninl751,"Test User High Load 30",loadtest_high_1770911176747_30@test.com,987654321030,123456789,"Test City","Test School","Teacher","Full-time","Degree","Math","None",PENDING,2026-02-12T15:46:17.710Z
cmljmshxr001aoq0e89w2u3mv,"Test User High Load 32",loadtest_high_1770911176747_32@test.com,987654321032,123456789,"Test City","Test School","Teacher","Full-time","Degree","Math","None",PENDING,2026-02-12T15:46:17.680Z
cmljmshww0019oq0eef6e17a3,"Test User High Load 6",loadtest_high_1770911176745_6@test.com,987654321006,123456789,"Test City","Test School","Teacher","Full-time","Degree","Math","None",PENDING,2026-02-12T15:46:17.649Z
cmljmshvz0018oq0eeb13k540,"Test User High Load 17",loadtest_high_1770911176746_17@test.com,987654321017,123456789,"Test City","Test School","Teacher","Full-time","Degree","Math","None",PENDING,2026-02-12T15:46:17.616Z
cmljmshv40017oq0ekxzuax2e,"Test User High Load 48",loadtest_high_1770911176748_48@test.com,987654321048,123456789,"Test City","Test School","Teacher","Full-time","Degree","Math","None",PENDING,2026-02-12T15:46:17.584Z
cmljmshu90016oq0eh3uyyvyp,"Test User High Load 49",loadtest_high_1770911176748_49@test.com,987654321049,123456789,"Test City","Test School","Teacher","Full-time","Degree","Math","None",PENDING,2026-02-12T15:46:17.553Z
cmljmshte0015oq0e6o1vmmp2,"Test User High Load 47",loadtest_high_1770911176748_47@test.com,987654321047,123456789,"Test City","Test School","Teacher","Full-time","Degree","Math","None",PENDING,2026-02-12T15:46:17.523Z
cmljmshsk0014oq0eno67uub7,"Test User High Load 44",loadtest_high_1770911176748_44@test.com,987654321044,123456789,"Test City","Test School","Teacher","Full-time","Degree","Math","None",PENDING,2026-02-12T15:46:17.492Z
cmljmshrr0013oq0e00eu9sq3,"Test User High Load 45",loadtest_high_1770911176748_45@test.com,987654321045,123456789,"Test City","Test School","Teacher","Full-time","Degree","Math","None",PENDING,2026-02-12T15:46:17.463Z
cmljmshqw0012oq0etv892wul,"Test User High Load 46",loadtest_high_1770911176748_46@test.com,987654321046,123456789,"Test City","Test School","Teacher","Full-time","Degree","Math","None",PENDING,2026-02-12T15:46:17.432Z
cmljmshpu0011oq0exsh2cdd0,"Test User High Load 43",loadtest_high_1770911176748_43@test.com,987654321043,123456789,"Test City","Test School","Teacher","Full-time","Degree","Math","None",PENDING,2026-02-12T15:46:17.395Z
cmljmshp10010oq0e6h03oi65,"Test User High Load 41",loadtest_high_1770911176747_41@test.com,987654321041,123456789,"Test City","Test School","Teacher","Full-time","Degree","Math","None",PENDING,2026-02-12T15:46:17.365Z
cmljmsho5000zoq0ewtvk0q4j,"Test User High Load 42",loadtest_high_1770911176748_42@test.com,987654321042,123456789,"Test City","Test School","Teacher","Full-time","Degree","Math","None",PENDING,2026-02-12T15:46:17.333Z
cmljmshnb000yoq0e549nnteu,"Test User High Load 40",loadtest_high_1770911176747_40@test.com,987654321040,123456789,"Test City","Test School","Teacher","Full-time","Degree","Math","None",PENDING,2026-02-12T15:46:17.303Z
cmljmshmf000xoq0e1p0cy6zu,"Test User High Load 38",loadtest_high_1770911176747_38@test.com,987654321038,123456789,"Test City","Test School","Teacher","Full-time","Degree","Math","None",PENDING,2026-02-12T15:46:17.271Z
cmljmshlk000woq0eeqtu3eed,"Test User High Load 39",loadtest_high_1770911176747_39@test.com,987654321039,123456789,"Test City","Test School","Teacher","Full-time","Degree","Math","None",PENDING,2026-02-12T15:46:17.240Z
cmljmshks000voq0exgkb5ots,"Test User High Load 37",loadtest_high_1770911176747_37@test.com,987654321037,123456789,"Test City","Test School","Teacher","Full-time","Degree","Math","None",PENDING,2026-02-12T15:46:17.213Z
cmljmshjy000uoq0e7prlt2mq,"Test User High Load 36",loadtest_high_1770911176747_36@test.com,987654321036,123456789,"Test City","Test School","Teacher","Full-time","Degree","Math","None",PENDING,2026-02-12T15:46:17.182Z
cmljmshj6000toq0ei5wad3p5,"Test User High Load 4",loadtest_high_1770911176744_4@test.com,987654321004,123456789,"Test City","Test School","Teacher","Full-time","Degree","Math","None",PENDING,2026-02-12T15:46:17.155Z
cmljmshia000soq0ede9ctdeb,"Test User High Load 13",loadtest_high_1770911176745_13@test.com,987654321013,123456789,"Test City","Test School","Teacher","Full-time","Degree","Math","None",PENDING,2026-02-12T15:46:17.123Z
cmljmshhe000roq0e1ylftcag,"Test User High Load 14",loadtest_high_1770911176745_14@test.com,987654321014,123456789,"Test City","Test School","Teacher","Full-time","Degree","Math","None",PENDING,2026-02-12T15:46:17.091Z
cmljmshgk000qoq0euloafhnd,"Test User High Load 0",loadtest_high_1770911176742_0@test.com,987654321000,123456789,"Test City","Test School","Teacher","Full-time","Degree","Math","None",PENDING,2026-02-12T15:46:17.060Z
cmljmshfn000poq0e7c7zxxud,"Test User High Load 35",loadtest_high_1770911176747_35@test.com,987654321035,123456789,"Test City","Test School","Teacher","Full-time","Degree","Math","None",PENDING,2026-02-12T15:46:17.028Z
cmljmsheu000ooq0et66p5zq3,"Test User High Load 7",loadtest_high_1770911176745_7@test.com,987654321007,123456789,"Test City","Test School","Teacher","Full-time","Degree","Math","None",PENDING,2026-02-12T15:46:16.998Z
cmljmshe0000noq0ev736t9fv,"Test User High Load 18",loadtest_high_1770911176746_18@test.com,987654321018,123456789,"Test City","Test School","Teacher","Full-time","Degree","Math","None",PENDING,2026-02-12T15:46:16.968Z
cmljmshd4000moq0eqvhjx4bu,"Test User High Load 34",loadtest_high_1770911176747_34@test.com,987654321034,123456789,"Test City","Test School","Teacher","Full-time","Degree","Math","None",PENDING,2026-02-12T15:46:16.937Z
cmljmshcc000koq0e6e8uyqpc,"Test User High Load 5",loadtest_high_1770911176744_5@test.com,987654321005,123456789,"Test City","Test School","Teacher","Full-time","Degree","Math","None",PENDING,2026-02-12T15:46:16.908Z
cmljmshcc000loq0eajv76ag7,"Test User High Load 33",loadtest_high_1770911176747_33@test.com,987654321033,123456789,"Test City","Test School","Teacher","Full-time","Degree","Math","None",PENDING,2026-02-12T15:46:16.908Z
cmljmshcc000joq0e5g7bl9sq,"Test User High Load 27",loadtest_high_1770911176746_27@test.com,987654321027,123456789,"Test City","Test School","Teacher","Full-time","Degree","Math","None",PENDING,2026-02-12T15:46:16.908Z
cmljmshbf000ioq0ecao07y1k,"Test User High Load 10",loadtest_high_1770911176745_10@test.com,987654321010,123456789,"Test City","Test School","Teacher","Full-time","Degree","Math","None",PENDING,2026-02-12T15:46:16.876Z
cmljmshar000hoq0eyr9w6i2y,"Test User High Load 3",loadtest_high_1770911176744_3@test.com,987654321003,123456789,"Test City","Test School","Teacher","Full-time","Degree","Math","None",PENDING,2026-02-12T15:46:16.852Z
cmljmsha3000goq0er4nsiu77,"Test User High Load 19",loadtest_high_1770911176746_19@test.com,987654321019,123456789,"Test City","Test School","Teacher","Full-time","Degree","Math","None",PENDING,2026-02-12T15:46:16.827Z
cmljmsh9x000foq0e81jncdr6,"Test User High Load 31",loadtest_high_1770911176747_31@test.com,987654321031,123456789,"Test City","Test School","Teacher","Full-time","Degree","Math","None",PENDING,2026-02-12T15:46:16.821Z
cmljmsh9w000eoq0ezyc17spl,"Test User High Load 15",loadtest_high_1770911176746_15@test.com,987654321015,123456789,"Test City","Test School","Teacher","Full-time","Degree","Math","None",PENDING,2026-02-12T15:46:16.820Z
cmljmsh9u000doq0eqwi6a7a7,"Test User High Load 29",loadtest_high_1770911176747_29@test.com,987654321029,123456789,"Test City","Test School","Teacher","Full-time","Degree","Math","None",PENDING,2026-02-12T15:46:16.818Z
cmljmsh9t000coq0eimh2h4f2,"Test User High Load 2",loadtest_high_1770911176744_2@test.com,987654321002,123456789,"Test City","Test School","Teacher","Full-time","Degree","Math","None",PENDING,2026-02-12T15:46:16.817Z
cmljmsh9r000boq0eyomdiuxn,"Test User High Load 28",loadtest_high_1770911176746_28@test.com,987654321028,123456789,"Test City","Test School","Teacher","Full-time","Degree","Math","None",PENDING,2026-02-12T15:46:16.816Z
cmljmsh9q000aoq0ermq4hqmg,"Test User High Load 26",loadtest_high_1770911176746_26@test.com,987654321026,123456789,"Test City","Test School","Teacher","Full-time","Degree","Math","None",PENDING,2026-02-12T15:46:16.814Z
cmljmsh9o0009oq0egvtp3cd5,"Test User High Load 24",loadtest_high_1770911176746_24@test.com,987654321024,123456789,"Test City","Test School","Teacher","Full-time","Degree","Math","None",PENDING,2026-02-12T15:46:16.813Z
cmljmsh9n0008oq0ed385xc5m,"Test User High Load 25",loadtest_high_1770911176746_25@test.com,987654321025,123456789,"Test City","Test School","Teacher","Full-time","Degree","Math","None",PENDING,2026-02-12T15:46:16.811Z
cmljmsh9l0007oq0eru5vj15x,"Test User High Load 9",loadtest_high_1770911176745_9@test.com,987654321009,123456789,"Test City","Test School","Teacher","Full-time","Degree","Math","None",PENDING,2026-02-12T15:46:16.810Z
cmljmsh9k0006oq0e8hsl4y6z,"Test User High Load 21",loadtest_high_1770911176746_21@test.com,987654321021,123456789,"Test City","Test School","Teacher","Full-time","Degree","Math","None",PENDING,2026-02-12T15:46:16.808Z
cmljmsh9j0005oq0eoxsbkvp7,"Test User High Load 23",loadtest_high_1770911176746_23@test.com,987654321023,123456789,"Test City","Test School","Teacher","Full-time","Degree","Math","None",PENDING,2026-02-12T15:46:16.807Z
cmljmsh9h0004oq0edvc41bgv,"Test User High Load 22",loadtest_high_1770911176746_22@test.com,987654321022,123456789,"Test City","Test School","Teacher","Full-time","Degree","Math","None",PENDING,2026-02-12T15:46:16.806Z
cmljmsh9g0003oq0ed9ov2y2v,"Test User High Load 20",loadtest_high_1770911176746_20@test.com,987654321020,123456789,"Test City","Test School","Teacher","Full-time","Degree","Math","None",PENDING,2026-02-12T15:46:16.804Z
cmljmsh9e0002oq0efnj2pz5q,"Test User High Load 8",loadtest_high_1770911176745_8@test.com,987654321008,123456789,"Test City","Test School","Teacher","Full-time","Degree","Math","None",PENDING,2026-02-12T15:46:16.802Z
cmljmsh9c0001oq0evhweqts7,"Test User High Load 12",loadtest_high_1770911176745_12@test.com,987654321012,123456789,"Test City","Test School","Teacher","Full-time","Degree","Math","None",PENDING,2026-02-12T15:46:16.801Z
cmljmsh9b0000oq0e08c3a87m,"Test User High Load 1",loadtest_high_1770911176744_1@test.com,987654321001,123456789,"Test City","Test School","Teacher","Full-time","Degree","Math","None",PENDING,2026-02-12T15:46:16.800Z
cmljmrper000jrm167mktf7j6,"Test User 3",loadtest_1770911140596_3@test.com,12345678903,123456789,"Test City","Test School","Teacher","Full-time","Degree","Math","None",PENDING,2026-02-12T15:45:40.707Z
cmljmrpea000irm16zipm5g5x,"Test User 7",loadtest_1770911140596_7@test.com,12345678907,123456789,"Test City","Test School","Teacher","Full-time","Degree","Math","None",PENDING,2026-02-12T15:45:40.691Z
cmljmrpe8000hrm16n7oceqow,"Test User 14",loadtest_1770911140596_14@test.com,12345678914,123456789,"Test City","Test School","Teacher","Full-time","Degree","Math","None",PENDING,2026-02-12T15:45:40.689Z
cmljmrpe7000drm16rltv1mbp,"Test User 16",loadtest_1770911140596_16@test.com,12345678916,123456789,"Test City","Test School","Teacher","Full-time","Degree","Math","None",PENDING,2026-02-12T15:45:40.688Z
cmljmrpe8000erm16p471upux,"Test User 15",loadtest_1770911140596_15@test.com,12345678915,123456789,"Test City","Test School","Teacher","Full-time","Degree","Math","None",PENDING,2026-02-12T15:45:40.688Z
cmljmrpe7000brm16ewml6lkp,"Test User 11",loadtest_1770911140596_11@test.com,12345678911,123456789,"Test City","Test School","Teacher","Full-time","Degree","Math","None",PENDING,2026-02-12T15:45:40.688Z
cmljmrpe7000crm16vze4c5hl,"Test User 2",loadtest_1770911140596_2@test.com,12345678902,123456789,"Test City","Test School","Teacher","Full-time","Degree","Math","None",PENDING,2026-02-12T15:45:40.688Z
cmljmrpe8000grm16b0s85f6a,"Test User 9",loadtest_1770911140596_9@test.com,12345678909,123456789,"Test City","Test School","Teacher","Full-time","Degree","Math","None",PENDING,2026-02-12T15:45:40.688Z
cmljmrpe8000frm16socw2i5e,"Test User 17",loadtest_1770911140596_17@test.com,12345678917,123456789,"Test City","Test School","Teacher","Full-time","Degree","Math","None",PENDING,2026-02-12T15:45:40.688Z
cmljmrpe7000arm16cij6v7ap,"Test User 12",loadtest_1770911140596_12@test.com,12345678912,123456789,"Test City","Test School","Teacher","Full-time","Degree","Math","None",PENDING,2026-02-12T15:45:40.687Z
cmljmrpe70009rm16ax3ijklr,"Test User 5",loadtest_1770911140596_5@test.com,12345678905,123456789,"Test City","Test School","Teacher","Full-time","Degree","Math","None",PENDING,2026-02-12T15:45:40.687Z
cmljmrpdr0006rm16g3y497dt,"Test User 18",loadtest_1770911140596_18@test.com,12345678918,123456789,"Test City","Test School","Teacher","Full-time","Degree","Math","None",PENDING,2026-02-12T15:45:40.672Z
cmljmrpdr0008rm16mbpalacs,"Test User 6",loadtest_1770911140596_6@test.com,12345678906,123456789,"Test City","Test School","Teacher","Full-time","Degree","Math","None",PENDING,2026-02-12T15:45:40.672Z
cmljmrpdr0007rm161mf3iq0b,"Test User 0",loadtest_1770911140594_0@test.com,12345678900,123456789,"Test City","Test School","Teacher","Full-time","Degree","Math","None",PENDING,2026-02-12T15:45:40.672Z
cmljmrpdr0005rm16kgv5ckab,"Test User 19",loadtest_1770911140596_19@test.com,12345678919,123456789,"Test City","Test School","Teacher","Full-time","Degree","Math","None",PENDING,2026-02-12T15:45:40.671Z
cmljmrpdc0001rm16si635ycl,"Test User 10",loadtest_1770911140596_10@test.com,12345678910,123456789,"Test City","Test School","Teacher","Full-time","Degree","Math","None",PENDING,2026-02-12T15:45:40.657Z
cmljmrpdc0002rm16wjknn2td,"Test User 8",loadtest_1770911140596_8@test.com,12345678908,123456789,"Test City","Test School","Teacher","Full-time","Degree","Math","None",PENDING,2026-02-12T15:45:40.657Z
cmljmrpdc0003rm16nmnkrqj3,"Test User 1",loadtest_1770911140596_1@test.com,12345678901,123456789,"Test City","Test School","Teacher","Full-time","Degree","Math","None",PENDING,2026-02-12T15:45:40.657Z
cmljmrpdd0004rm16797fier9,"Test User 13",loadtest_1770911140596_13@test.com,12345678913,123456789,"Test City","Test School","Teacher","Full-time","Degree","Math","None",PENDING,2026-02-12T15:45:40.657Z
cmljmrpdc0000rm16pnhcxm4b,"Test User 4",loadtest_1770911140596_4@test.com,12345678904,123456789,"Test City","Test School","Teacher","Full-time","Degree","Math","None",PENDING,2026-02-12T15:45:40.656Z